<?xml version="1.0" encoding="UTF-8"?>
<project-private xmlns="http://www.netbeans.org/ns/project-private/1">
    <editor-bookmarks xmlns="http://www.netbeans.org/ns/editor-bookmarks/2" lastBookmarkId="0"/>
    <open-files xmlns="http://www.netbeans.org/ns/projectui-open-files/2">
        <group>
            <file>file:/E:/NetBean/Project%20Java/QLTV/src/qltv/GUI/TraTaiLieuManagent.java</file>
            <file>file:/E:/NetBean/Project%20Java/QLTV/src/qltv/DTO/TraTL.java</file>
            <file>file:/E:/NetBean/Project%20Java/QLTV/src/qltv/DAL/PhieuMuonModify.java</file>
            <file>file:/E:/NetBean/Project%20Java/QLTV/src/qltv/GUI/PhieuMuonTraMannagement.java</file>
            <file>file:/E:/NetBean/Project%20Java/QLTV/src/qltv/GUI/MainForm.java</file>
            <file>file:/E:/NetBean/Project%20Java/QLTV/src/qltv/DTO/PhieuMuonTra.java</file>
        </group>
    </open-files>
</project-private>
